{
    "3-and-D Glue Wing": [
        2.9970308986167513,
        -2.6768004959310625
    ],
    "Crafty Playmaking Guard": [
        -1.954525134532962,
        -1.6414865805681502
    ],
    "All-Star Versatile Scorer": [
        5.34803890544352,
        -0.03964980777815525
    ],
    "Defensive Frontcourt Anchor": [
        1.3227592385832967,
        8.502751101466872
    ],
    "High-Energy Play Finisher": [
        1.2307304880920147,
        2.1584910348198725
    ],
    "Specialist Role Player": [
        -11.137186554987258,
        -0.5286005713661089
    ],
    "Elite Two-Way Leader": [
        4.630243676384506,
        1.3322206233508003
    ],
    "Playmaking Big": [
        4.866613032138576,
        5.473250236855846
    ],
    "Dynamic Shot Creator": [
        4.5059353545968,
        -2.200557505366372
    ],
    "High-Impact Role Player": [
        -1.0360665801556537,
        -2.1580174934267706
    ],
    "Explosive Offensive Creator": [
        4.27325773600494,
        -2.505079968838425
    ],
    "Statistical Unicorn": [
        5.65566110639651,
        14.602013841539044
    ],
    "Veteran Contributors": [
        -3.1141804777897386,
        -2.0273677034543227
    ],
    "Rebounding and Hustle Specialist": [
        -6.733467548205497,
        4.04011203379206
    ],
    "High-Upside All-Around Talent": [
        1.3057772186363028,
        1.0832276712981674
    ],
    "Elite Rim Protector": [
        -4.073798839612742,
        9.409057443430617
    ],
    "Mid-Range Scoring Specialist": [
        4.33402645672456,
        -2.1143129200856046
    ],
    "3-and-D Sniper": [
        1.023668568807791,
        -2.880534032329056
    ]
}