{
    "Versatile Role Players": [
        -3.5565932225021966,
        -2.9416840534245856
    ],
    "Elite Wing Scorers": [
        2.9344964299830836,
        -0.6015584519053477
    ],
    "Raw Athletic Bigs": [
        -11.69578402136435,
        7.003467819978671
    ],
    "Veteran Utility Forwards": [
        -14.009105727912283,
        -0.4887242556553945
    ],
    "Dynamic Two-Way Forwards": [
        1.2575488254144467,
        1.211683355814319
    ],
    "All-Around Superstars": [
        4.519412272278287,
        1.8989276345576354
    ],
    "Defensive Anchor Centers": [
        -5.378879477982786,
        5.624565533347739
    ],
    "3-and-D Wings": [
        1.5880170201029662,
        -3.335583213380162
    ],
    "Dominant Freak": [
        1.8282037463213996,
        13.130886215953817
    ],
    "High-Volume Scoring Guards": [
        4.071739445137275,
        -1.407937644973441
    ],
    "Maestro Big": [
        7.537453959270808,
        8.486616364821273
    ],
    "Savvy Floor Generals": [
        -0.9867752570662659,
        -2.8499318194988206
    ],
    "High-Energy Hustlers": [
        2.6651788981765785,
        -2.9351701105254455
    ],
    "Sharpshooting Phenoms": [
        6.14650430537186,
        -1.2996262827241125
    ],
    "Creative Shot Creators": [
        5.171659806968803,
        0.46274541418426945
    ],
    "Dominant Interior Forces": [
        1.7997271984005272,
        6.103636443946221
    ],
    "Hybrid Creators": [
        1.9090177156709707,
        0.8867423255107975
    ]
}